,name,abilities,against_bug,against_dark,against_dragon,against_electric,against_fairy,against_fight,against_fire,against_flying,against_ghost,against_grass,against_ground,against_ice,against_normal,against_poison,against_psychic,against_rock,against_steel,against_water,attack,base_total,classfication,defense,experience_growth,height_m,hp,japanese_name,pokedex_number,sp_attack,sp_defense,speed,weight_kg,generation,is_legendary,stamina,atk,def,capture_rate_y,flee_rate,spawn_chance,primary,secondary,cp
0,Bulbasaur,"['Overgrow', 'Chlorophyll']",1.0,1.0,1.0,0.5,0.5,0.5,2.0,2.0,1.0,0.25,1.0,2.0,1.0,1.0,2.0,1.0,1.0,0.5,49.0,318.0,Seed Pokémon,49.0,1059860.0,0.7,45.0,Fushigidaneフシギダネ,1.0,65.0,65.0,45.0,6.9,1.0,0.0,90,126,126,0.16,0.1,69.0,Grass,Poison,1079
1,Ivysaur,"['Overgrow', 'Chlorophyll']",1.0,1.0,1.0,0.5,0.5,0.5,2.0,2.0,1.0,0.25,1.0,2.0,1.0,1.0,2.0,1.0,1.0,0.5,62.0,405.0,Seed Pokémon,63.0,1059860.0,1.0,60.0,Fushigisouフシギソウ,2.0,80.0,80.0,60.0,13.0,1.0,0.0,120,156,158,0.08,0.07,4.2,Grass,Poison,1643
2,Venusaur,"['Overgrow', 'Chlorophyll']",1.0,1.0,1.0,0.5,0.5,0.5,2.0,2.0,1.0,0.25,1.0,2.0,1.0,1.0,2.0,1.0,1.0,0.5,100.0,625.0,Seed Pokémon,123.0,1059860.0,2.0,80.0,Fushigibanaフシギバナ,3.0,122.0,120.0,80.0,100.0,1.0,0.0,160,198,200,0.04,0.05,1.7,Grass,Poison,2598
3,Charmander,"['Blaze', 'Solar Power']",0.5,1.0,1.0,1.0,0.5,1.0,0.5,1.0,1.0,0.5,2.0,0.5,1.0,1.0,1.0,2.0,0.5,2.0,52.0,309.0,Lizard Pokémon,43.0,1059860.0,0.6,39.0,Hitokageヒトカゲ,4.0,60.0,50.0,65.0,8.5,1.0,0.0,78,128,108,0.16,0.1,25.3,Fire,None,962
4,Charmeleon,"['Blaze', 'Solar Power']",0.5,1.0,1.0,1.0,0.5,1.0,0.5,1.0,1.0,0.5,2.0,0.5,1.0,1.0,1.0,2.0,0.5,2.0,64.0,405.0,Flame Pokémon,58.0,1059860.0,1.1,58.0,Lizardoリザード,5.0,80.0,65.0,80.0,19.0,1.0,0.0,116,160,140,0.08,0.07,1.2,Fire,None,1568
5,Charizard,"['Blaze', 'Solar Power']",0.25,1.0,1.0,2.0,0.5,0.5,0.5,1.0,1.0,0.25,0.0,1.0,1.0,1.0,1.0,4.0,0.5,2.0,104.0,634.0,Flame Pokémon,78.0,1059860.0,1.7,78.0,Lizardonリザードン,6.0,159.0,115.0,100.0,90.5,1.0,0.0,156,212,182,0.04,0.05,0.31,Fire,Flying,2620
6,Squirtle,"['Torrent', 'Rain Dish']",1.0,1.0,1.0,2.0,1.0,1.0,0.5,1.0,1.0,2.0,1.0,0.5,1.0,1.0,1.0,1.0,0.5,0.5,48.0,314.0,Tiny Turtle Pokémon,65.0,1059860.0,0.5,44.0,Zenigameゼニガメ,7.0,50.0,64.0,43.0,9.0,1.0,0.0,88,112,142,0.16,0.1,58.0,Water,None,1015
7,Wartortle,"['Torrent', 'Rain Dish']",1.0,1.0,1.0,2.0,1.0,1.0,0.5,1.0,1.0,2.0,1.0,0.5,1.0,1.0,1.0,1.0,0.5,0.5,63.0,405.0,Turtle Pokémon,80.0,1059860.0,1.0,59.0,Kameilカメール,8.0,65.0,80.0,58.0,22.5,1.0,0.0,118,144,176,0.08,0.07,3.4,Water,None,1594
8,Blastoise,"['Torrent', 'Rain Dish']",1.0,1.0,1.0,2.0,1.0,1.0,0.5,1.0,1.0,2.0,1.0,0.5,1.0,1.0,1.0,1.0,0.5,0.5,103.0,630.0,Shellfish Pokémon,120.0,1059860.0,1.6,79.0,Kamexカメックス,9.0,135.0,115.0,78.0,85.5,1.0,0.0,158,186,222,0.04,0.05,0.67,Water,None,2560
9,Caterpie,"['Shield Dust', 'Run Away']",1.0,1.0,1.0,1.0,1.0,0.5,2.0,2.0,1.0,0.5,0.5,1.0,1.0,1.0,1.0,2.0,1.0,1.0,30.0,195.0,Worm Pokémon,35.0,1000000.0,0.3,45.0,Caterpieキャタピー,10.0,20.0,20.0,45.0,2.9,1.0,0.0,90,62,66,0.4,0.2,303.2,Bug,None,446
10,Metapod,['Shed Skin'],1.0,1.0,1.0,1.0,1.0,0.5,2.0,2.0,1.0,0.5,0.5,1.0,1.0,1.0,1.0,2.0,1.0,1.0,20.0,205.0,Cocoon Pokémon,55.0,1000000.0,0.7,50.0,Transelトランセル,11.0,25.0,25.0,30.0,9.9,1.0,0.0,100,56,86,0.2,0.09,18.7,Bug,None,481
11,Butterfree,"['Compoundeyes', 'Tinted Lens']",0.5,1.0,1.0,2.0,1.0,0.25,2.0,2.0,1.0,0.25,0.0,2.0,1.0,1.0,1.0,4.0,1.0,1.0,45.0,395.0,Butterfly Pokémon,50.0,1000000.0,1.1,60.0,Butterfreeバタフリー,12.0,90.0,80.0,70.0,32.0,1.0,0.0,120,144,144,0.1,0.06,2.2,Bug,Flying,1465
12,Weedle,"['Shield Dust', 'Run Away']",0.5,1.0,1.0,1.0,0.5,0.25,2.0,2.0,1.0,0.25,1.0,1.0,1.0,0.5,2.0,2.0,1.0,1.0,35.0,195.0,Hairy Pokémon,30.0,1000000.0,0.3,40.0,Beedleビードル,13.0,20.0,20.0,50.0,3.2,1.0,0.0,80,68,64,0.4,0.2,712.0,Bug,Poison,452
13,Kakuna,['Shed Skin'],0.5,1.0,1.0,1.0,0.5,0.25,2.0,2.0,1.0,0.25,1.0,1.0,1.0,0.5,2.0,2.0,1.0,1.0,25.0,205.0,Cocoon Pokémon,50.0,1000000.0,0.6,45.0,Cocoonコクーン,14.0,25.0,25.0,35.0,10.0,1.0,0.0,90,62,82,0.2,0.09,44.0,Bug,Poison,488
14,Beedrill,"['Swarm', 'Sniper']",0.5,1.0,1.0,1.0,0.5,0.25,2.0,2.0,1.0,0.25,1.0,1.0,1.0,0.5,2.0,2.0,1.0,1.0,150.0,495.0,Poison Bee Pokémon,40.0,1000000.0,1.0,65.0,Spearスピアー,15.0,15.0,80.0,145.0,29.5,1.0,0.0,130,144,130,0.1,0.06,5.1,Bug,Poison,1450
15,Pidgey,"['Keen Eye', 'Tangled Feet', 'Big Pecks']",0.5,1.0,1.0,2.0,1.0,1.0,1.0,1.0,0.0,0.5,0.0,2.0,1.0,1.0,1.0,2.0,1.0,1.0,45.0,251.0,Tiny Bird Pokémon,40.0,1059860.0,0.3,40.0,Poppoポッポ,16.0,35.0,35.0,56.0,1.8,1.0,0.0,80,94,90,0.4,0.2,1598.0,Normal,Flying,684
16,Pidgeotto,"['Keen Eye', 'Tangled Feet', 'Big Pecks']",0.5,1.0,1.0,2.0,1.0,1.0,1.0,1.0,0.0,0.5,0.0,2.0,1.0,1.0,1.0,2.0,1.0,1.0,60.0,349.0,Bird Pokémon,55.0,1059860.0,1.1,63.0,Pigeonピジョン,17.0,50.0,50.0,71.0,30.0,1.0,0.0,126,126,122,0.2,0.09,102.0,Normal,Flying,1232
17,Pidgeot,"['Keen Eye', 'Tangled Feet', 'Big Pecks']",0.5,1.0,1.0,2.0,1.0,1.0,1.0,1.0,0.0,0.5,0.0,2.0,1.0,1.0,1.0,2.0,1.0,1.0,80.0,579.0,Bird Pokémon,80.0,1059860.0,1.5,83.0,Pigeotピジョット,18.0,135.0,80.0,121.0,39.5,1.0,0.0,166,170,166,0.1,0.06,13.0,Normal,Flying,2106
18,Rattata,"['Run Away', 'Guts', 'Hustle', 'Gluttony', 'Hustle', 'Thick Fat']",1.0,1.0,1.0,1.0,1.0,2.0,1.0,1.0,0.0,1.0,1.0,1.0,1.0,1.0,1.0,1.0,1.0,1.0,56.0,253.0,Mouse Pokémon,35.0,1000000.0,,30.0,Korattaコラッタ,19.0,25.0,35.0,72.0,,1.0,0.0,60,92,86,0.4,0.2,1305.0,Normal,None,585
19,Raticate,"['Run Away', 'Guts', 'Hustle', 'Gluttony', 'Hustle', 'Thick Fat']",1.0,1.0,1.0,1.0,1.0,2.0,1.0,1.0,0.0,1.0,1.0,1.0,1.0,1.0,1.0,1.0,1.0,1.0,71.0,413.0,Mouse Pokémon,70.0,1000000.0,,75.0,Rattaラッタ,20.0,40.0,80.0,77.0,,1.0,0.0,110,146,150,0.16,0.07,41.0,Normal,None,1454
20,Spearow,"['Keen Eye', 'Sniper']",0.5,1.0,1.0,2.0,1.0,1.0,1.0,1.0,0.0,0.5,0.0,2.0,1.0,1.0,1.0,2.0,1.0,1.0,60.0,262.0,Tiny Bird Pokémon,30.0,1000000.0,0.3,40.0,Onisuzumeオニスズメ,21.0,31.0,31.0,70.0,2.0,1.0,0.0,80,102,78,0.4,0.15,473.0,Normal,Flying,691
21,Fearow,"['Keen Eye', 'Sniper']",0.5,1.0,1.0,2.0,1.0,1.0,1.0,1.0,0.0,0.5,0.0,2.0,1.0,1.0,1.0,2.0,1.0,1.0,90.0,442.0,Beak Pokémon,65.0,1000000.0,1.2,65.0,Onidrillオニドリル,22.0,61.0,61.0,100.0,38.0,1.0,0.0,130,168,146,0.16,0.07,15.0,Normal,Flying,1758
22,Ekans,"['Intimidate', 'Shed Skin', 'Unnerve']",0.5,1.0,1.0,1.0,0.5,0.5,1.0,1.0,1.0,0.5,2.0,1.0,1.0,0.5,2.0,1.0,1.0,1.0,60.0,288.0,Snake Pokémon,44.0,1000000.0,2.0,35.0,Arboアーボ,23.0,40.0,54.0,55.0,6.9,1.0,0.0,70,112,112,0.4,0.15,227.0,Poison,None,830
23,Arbok,"['Intimidate', 'Shed Skin', 'Unnerve']",0.5,1.0,1.0,1.0,0.5,0.5,1.0,1.0,1.0,0.5,2.0,1.0,1.0,0.5,2.0,1.0,1.0,1.0,95.0,448.0,Cobra Pokémon,69.0,1000000.0,3.5,60.0,Arbokアーボック,24.0,65.0,79.0,80.0,65.0,1.0,0.0,120,166,166,0.16,0.07,7.2,Poison,None,1779
24,Pikachu,"['Static', 'Lightningrod']",1.0,1.0,1.0,0.5,1.0,1.0,1.0,0.5,1.0,1.0,2.0,1.0,1.0,1.0,1.0,1.0,0.5,1.0,55.0,320.0,Mouse Pokémon,40.0,1000000.0,0.4,35.0,Pikachuピカチュウ,25.0,50.0,50.0,90.0,6.0,1.0,0.0,70,124,108,0.16,0.1,21.0,Electric,None,894
25,Raichu,"['Static', 'Lightningrod', 'Surge Surfer']",1.0,1.0,1.0,0.5,1.0,1.0,1.0,0.5,1.0,1.0,2.0,1.0,1.0,1.0,1.0,1.0,0.5,1.0,85.0,485.0,Mouse Pokémon,50.0,1000000.0,,60.0,Raichuライチュウ,26.0,95.0,85.0,110.0,,1.0,0.0,120,200,154,0.08,0.06,0.76,Electric,None,2042
26,Sandshrew,"['Sand Veil', 'Sand Rush', 'Snow Cloak', 'Slush Rush']",1.0,1.0,1.0,0.0,1.0,1.0,1.0,1.0,1.0,2.0,1.0,2.0,1.0,0.5,1.0,0.5,1.0,2.0,75.0,300.0,Mouse Pokémon,90.0,1000000.0,,50.0,Sandサンド,27.0,10.0,35.0,40.0,,1.0,0.0,100,90,114,0.4,0.1,111.0,Ground,None,804
27,Sandslash,"['Sand Veil', 'Sand Rush', 'Snow Cloak', 'Slush Rush']",1.0,1.0,1.0,0.0,1.0,1.0,1.0,1.0,1.0,2.0,1.0,2.0,1.0,0.5,1.0,0.5,1.0,2.0,100.0,450.0,Mouse Pokémon,120.0,1000000.0,,75.0,Sandpanサンドパン,28.0,25.0,65.0,65.0,,1.0,0.0,150,150,172,0.16,0.06,3.7,Ground,None,1823
29,Nidorina,"['Poison Point', 'Rivalry', 'Hustle']",0.5,1.0,1.0,1.0,0.5,0.5,1.0,1.0,1.0,0.5,2.0,1.0,1.0,0.5,2.0,1.0,1.0,1.0,62.0,365.0,Poison Pin Pokémon,67.0,1059860.0,0.8,70.0,Nidorinaニドリーナ,30.0,55.0,55.0,56.0,20.0,1.0,0.0,140,132,136,0.2,0.07,8.8,Poison,None,1414
30,Nidoqueen,"['Poison Point', 'Rivalry', 'Sheer Force']",0.5,1.0,1.0,0.0,0.5,0.5,1.0,1.0,1.0,1.0,2.0,2.0,1.0,0.25,2.0,0.5,1.0,2.0,92.0,505.0,Drill Pokémon,87.0,1059860.0,1.3,90.0,Nidoqueenニドクイン,31.0,75.0,85.0,76.0,60.0,1.0,0.0,180,184,190,0.1,0.05,1.2,Poison,Ground,2502
32,Nidorino,"['Poison Point', 'Rivalry', 'Hustle']",0.5,1.0,1.0,1.0,0.5,0.5,1.0,1.0,1.0,0.5,2.0,1.0,1.0,0.5,2.0,1.0,1.0,1.0,72.0,365.0,Poison Pin Pokémon,57.0,1059860.0,0.9,61.0,Nidorinoニドリーノ,33.0,55.0,55.0,65.0,19.5,1.0,0.0,122,142,128,0.2,0.07,8.3,Poison,None,1382
33,Nidoking,"['Poison Point', 'Rivalry', 'Sheer Force']",0.5,1.0,1.0,0.0,0.5,0.5,1.0,1.0,1.0,1.0,2.0,2.0,1.0,0.25,2.0,0.5,1.0,2.0,102.0,505.0,Drill Pokémon,77.0,1059860.0,1.4,81.0,Nidokingニドキング,34.0,85.0,75.0,85.0,62.0,1.0,0.0,162,204,170,0.1,0.05,1.7,Poison,Ground,2492
34,Clefairy,"['Cute Charm', 'Magic Guard', 'Friend Guard']",0.5,0.5,0.0,1.0,1.0,0.5,1.0,1.0,1.0,1.0,1.0,1.0,1.0,2.0,1.0,1.0,2.0,1.0,45.0,323.0,Fairy Pokémon,48.0,800000.0,0.6,70.0,Pippiピッピ,35.0,60.0,65.0,35.0,7.5,1.0,0.0,140,116,124,0.24,0.1,92.0,Fairy,None,1209
35,Clefable,"['Cute Charm', 'Magic Guard', 'Unaware']",0.5,0.5,0.0,1.0,1.0,0.5,1.0,1.0,1.0,1.0,1.0,1.0,1.0,2.0,1.0,1.0,2.0,1.0,70.0,483.0,Fairy Pokémon,73.0,800000.0,1.3,95.0,Pixyピクシー,36.0,95.0,90.0,60.0,40.0,1.0,0.0,190,178,178,0.08,0.06,1.2,Fairy,None,2414
36,Vulpix,"['Flash Fire', 'Drought', 'Snow Cloak', 'Snow Warning']",0.5,1.0,1.0,1.0,0.5,1.0,0.5,1.0,1.0,0.5,2.0,0.5,1.0,1.0,1.0,2.0,0.5,2.0,41.0,299.0,Fox Pokémon,40.0,1000000.0,,38.0,Rokonロコン,37.0,50.0,65.0,65.0,,1.0,0.0,76,106,118,0.24,0.1,22.0,Fire,None,837
37,Ninetales,"['Flash Fire', 'Drought', 'Snow Cloak', 'Snow Warning']",0.5,1.0,1.0,1.0,0.5,1.0,0.5,1.0,1.0,0.5,2.0,0.5,1.0,1.0,1.0,2.0,0.5,2.0,67.0,505.0,Fox Pokémon,75.0,1000000.0,,73.0,Kyukonキュウコン,38.0,81.0,100.0,109.0,,1.0,0.0,146,176,194,0.08,0.06,0.77,Fire,None,2203
38,Jigglypuff,"['Cute Charm', 'Competitive', 'Friend Guard']",0.5,0.5,0.0,1.0,1.0,1.0,1.0,1.0,0.0,1.0,1.0,1.0,1.0,2.0,1.0,1.0,2.0,1.0,45.0,270.0,Balloon Pokémon,20.0,800000.0,0.5,115.0,Purinプリン,39.0,45.0,25.0,20.0,5.5,1.0,0.0,230,98,54,0.4,0.1,39.0,Normal,Fairy,924
39,Wigglytuff,"['Cute Charm', 'Competitive', 'Frisk']",0.5,0.5,0.0,1.0,1.0,1.0,1.0,1.0,0.0,1.0,1.0,1.0,1.0,2.0,1.0,1.0,2.0,1.0,70.0,435.0,Balloon Pokémon,45.0,800000.0,1.0,140.0,Pukurinプクリン,40.0,85.0,50.0,45.0,12.0,1.0,0.0,280,168,108,0.16,0.06,1.8,Normal,Fairy,2192
40,Zubat,"['Inner Focus', 'Infiltrator']",0.25,1.0,1.0,2.0,0.5,0.25,1.0,1.0,1.0,0.25,0.0,2.0,1.0,0.5,2.0,2.0,1.0,1.0,45.0,245.0,Bat Pokémon,35.0,1000000.0,0.8,40.0,Zubatズバット,41.0,30.0,40.0,55.0,7.5,1.0,0.0,80,88,90,0.4,0.2,652.0,Poison,Flying,647
41,Golbat,"['Inner Focus', 'Infiltrator']",0.25,1.0,1.0,2.0,0.5,0.25,1.0,1.0,1.0,0.25,0.0,2.0,1.0,0.5,2.0,2.0,1.0,1.0,80.0,455.0,Bat Pokémon,70.0,1000000.0,1.6,75.0,Golbatゴルバット,42.0,65.0,75.0,90.0,55.0,1.0,0.0,150,164,164,0.16,0.07,42.0,Poison,Flying,1935
42,Oddish,"['Chlorophyll', 'Run Away']",1.0,1.0,1.0,0.5,0.5,0.5,2.0,2.0,1.0,0.25,1.0,2.0,1.0,1.0,2.0,1.0,1.0,0.5,50.0,320.0,Weed Pokémon,55.0,1059860.0,0.5,45.0,Nazonokusaナゾノクサ,43.0,75.0,65.0,30.0,5.4,1.0,0.0,90,134,130,0.48,0.15,102.0,Grass,Poison,1156
43,Gloom,"['Chlorophyll', 'Stench']",1.0,1.0,1.0,0.5,0.5,0.5,2.0,2.0,1.0,0.25,1.0,2.0,1.0,1.0,2.0,1.0,1.0,0.5,65.0,395.0,Weed Pokémon,70.0,1059860.0,0.8,60.0,Kusaihanaクサイハナ,44.0,85.0,75.0,40.0,8.6,1.0,0.0,120,162,158,0.24,0.07,6.4,Grass,Poison,1701
44,Vileplume,"['Chlorophyll', 'Effect Spore']",1.0,1.0,1.0,0.5,0.5,0.5,2.0,2.0,1.0,0.25,1.0,2.0,1.0,1.0,2.0,1.0,1.0,0.5,80.0,490.0,Flower Pokémon,85.0,1059860.0,1.2,75.0,Ruffresiaラフレシア,45.0,110.0,90.0,50.0,18.6,1.0,0.0,150,202,190,0.12,0.05,0.97,Grass,Poison,2510
45,Paras,"['Effect Spore', 'Dry Skin', 'Damp']",2.0,1.0,1.0,0.5,1.0,0.5,4.0,4.0,1.0,0.25,0.25,2.0,1.0,2.0,1.0,2.0,1.0,0.5,70.0,285.0,Mushroom Pokémon,55.0,1000000.0,0.3,35.0,Parasパラス,46.0,45.0,55.0,25.0,5.4,1.0,0.0,70,122,120,0.32,0.15,236.0,Bug,Grass,923
46,Parasect,"['Effect Spore', 'Dry Skin', 'Damp']",2.0,1.0,1.0,0.5,1.0,0.5,4.0,4.0,1.0,0.25,0.25,2.0,1.0,2.0,1.0,2.0,1.0,0.5,95.0,405.0,Mushroom Pokémon,80.0,1000000.0,1.0,60.0,Parasectパラセクト,47.0,60.0,80.0,30.0,29.5,1.0,0.0,120,162,170,0.16,0.07,7.4,Bug,Grass,1759
47,Venonat,"['Compoundeyes', 'Tinted Lens', 'Run Away']",0.5,1.0,1.0,1.0,0.5,0.25,2.0,2.0,1.0,0.25,1.0,1.0,1.0,0.5,2.0,2.0,1.0,1.0,55.0,305.0,Insect Pokémon,50.0,1000000.0,1.0,60.0,Kongpangコンパン,48.0,40.0,55.0,45.0,30.0,1.0,0.0,120,108,118,0.4,0.15,228.0,Bug,Poison,1036
48,Venomoth,"['Shield Dust', 'Tinted Lens', 'Wonder Skin ']",0.5,1.0,1.0,1.0,0.5,0.25,2.0,2.0,1.0,0.25,1.0,1.0,1.0,0.5,2.0,2.0,1.0,1.0,65.0,450.0,Poison Moth Pokémon,60.0,1000000.0,1.5,70.0,Morphonモルフォン,49.0,90.0,75.0,90.0,12.5,1.0,0.0,140,172,154,0.16,0.07,7.2,Bug,Poison,1903
49,Diglett,"['Sand Veil', 'Arena Trap', 'Sand Force', 'Sand Veil', 'Tangling Hair', 'Sand Force']",1.0,1.0,1.0,0.0,1.0,1.0,1.0,1.0,1.0,2.0,1.0,2.0,1.0,0.5,1.0,0.5,1.0,2.0,55.0,265.0,Mole Pokémon,30.0,1000000.0,,10.0,Digdaディグダ,50.0,35.0,45.0,90.0,,1.0,0.0,20,108,86,0.4,0.1,40.0,Ground,None,460
50,Dugtrio,"['Sand Veil', 'Arena Trap', 'Sand Force', 'Sand Veil', 'Tangling Hair', 'Sand Force']",1.0,1.0,1.0,0.0,1.0,1.0,1.0,1.0,1.0,2.0,1.0,2.0,1.0,0.5,1.0,0.5,1.0,2.0,100.0,425.0,Mole Pokémon,60.0,1000000.0,,35.0,Dugtrioダグトリオ,51.0,50.0,70.0,110.0,,1.0,0.0,70,148,140,0.16,0.06,1.4,Ground,None,1176
51,Meowth,"['Pickup', 'Technician', 'Unnerve', 'Pickup', 'Technician', 'Rattled']",1.0,1.0,1.0,1.0,1.0,2.0,1.0,1.0,0.0,1.0,1.0,1.0,1.0,1.0,1.0,1.0,1.0,1.0,35.0,290.0,Scratch Cat Pokémon,35.0,1000000.0,,40.0,Nyarthニャース,52.0,50.0,40.0,90.0,,1.0,0.0,80,104,94,0.4,0.15,86.0,Normal,None,761
52,Persian,"['Limber', 'Technician', 'Unnerve', 'Fur Coat', 'Technician', 'Rattled']",1.0,1.0,1.0,1.0,1.0,2.0,1.0,1.0,0.0,1.0,1.0,1.0,1.0,1.0,1.0,1.0,1.0,1.0,60.0,440.0,Classy Cat Pokémon,60.0,1000000.0,,65.0,Persianペルシアン,53.0,75.0,65.0,115.0,,1.0,0.0,130,156,146,0.16,0.07,2.2,Normal,None,1643
53,Psyduck,"['Damp', 'Cloud Nine', 'Swift Swim']",1.0,1.0,1.0,2.0,1.0,1.0,0.5,1.0,1.0,2.0,1.0,0.5,1.0,1.0,1.0,1.0,0.5,0.5,52.0,320.0,Duck Pokémon,48.0,1000000.0,0.8,50.0,Koduckコダック,54.0,65.0,50.0,55.0,19.6,1.0,0.0,100,132,112,0.4,0.1,254.0,Water,None,1117
54,Golduck,"['Damp', 'Cloud Nine', 'Swift Swim']",1.0,1.0,1.0,2.0,1.0,1.0,0.5,1.0,1.0,2.0,1.0,0.5,1.0,1.0,1.0,1.0,0.5,0.5,82.0,500.0,Duck Pokémon,78.0,1000000.0,1.7,80.0,Golduckゴルダック,55.0,95.0,80.0,85.0,76.6,1.0,0.0,160,194,176,0.16,0.06,8.7,Water,None,2403
55,Mankey,"['Vital Spirit', 'Anger Point', 'Defiant']",0.5,0.5,1.0,1.0,2.0,1.0,1.0,2.0,1.0,1.0,1.0,1.0,1.0,1.0,2.0,0.5,1.0,1.0,80.0,305.0,Pig Monkey Pokémon,35.0,1000000.0,0.5,40.0,Mankeyマンキー,56.0,35.0,45.0,70.0,28.0,1.0,0.0,80,122,96,0.4,0.1,92.0,Fighting,None,884
56,Primeape,"['Vital Spirit', 'Anger Point', 'Defiant']",0.5,0.5,1.0,1.0,2.0,1.0,1.0,2.0,1.0,1.0,1.0,1.0,1.0,1.0,2.0,0.5,1.0,1.0,105.0,455.0,Pig Monkey Pokémon,60.0,1000000.0,1.0,65.0,Okorizaruオコリザル,57.0,60.0,70.0,95.0,32.0,1.0,0.0,130,178,150,0.16,0.06,3.1,Fighting,None,1877
57,Growlithe,"['Intimidate', 'Flash Fire', 'Justified']",0.5,1.0,1.0,1.0,0.5,1.0,0.5,1.0,1.0,0.5,2.0,0.5,1.0,1.0,1.0,2.0,0.5,2.0,70.0,350.0,Puppy Pokémon,45.0,1250000.0,0.7,55.0,Gardieガーディ,58.0,70.0,50.0,60.0,19.0,1.0,0.0,110,156,110,0.24,0.1,92.0,Fire,None,1344
58,Arcanine,"['Intimidate', 'Flash Fire', 'Justified']",0.5,1.0,1.0,1.0,0.5,1.0,0.5,1.0,1.0,0.5,2.0,0.5,1.0,1.0,1.0,2.0,0.5,2.0,110.0,555.0,Legendary Pokémon,80.0,1250000.0,1.9,90.0,Windieウインディ,59.0,100.0,80.0,95.0,155.0,1.0,0.0,180,230,180,0.08,0.06,1.7,Fire,None,3005
59,Poliwag,"['Water Absorb', 'Damp', 'Swift Swim']",1.0,1.0,1.0,2.0,1.0,1.0,0.5,1.0,1.0,2.0,1.0,0.5,1.0,1.0,1.0,1.0,0.5,0.5,50.0,300.0,Tadpole Pokémon,40.0,1059860.0,0.6,40.0,Nyoromoニョロモ,60.0,40.0,40.0,90.0,12.4,1.0,0.0,80,108,98,0.4,0.15,219.0,Water,None,801
60,Poliwhirl,"['Water Absorb', 'Damp', 'Swift Swim']",1.0,1.0,1.0,2.0,1.0,1.0,0.5,1.0,1.0,2.0,1.0,0.5,1.0,1.0,1.0,1.0,0.5,0.5,65.0,385.0,Tadpole Pokémon,65.0,1059860.0,1.0,65.0,Nyorozoニョロゾ,61.0,50.0,50.0,90.0,20.0,1.0,0.0,130,132,132,0.2,0.07,13.0,Water,None,1350
61,Poliwrath,"['Water Absorb', 'Damp', 'Swift Swim']",0.5,0.5,1.0,2.0,2.0,1.0,0.5,2.0,1.0,2.0,1.0,0.5,1.0,1.0,2.0,0.5,0.5,0.5,95.0,510.0,Tadpole Pokémon,95.0,1059860.0,1.3,90.0,Nyorobonニョロボン,62.0,70.0,90.0,70.0,54.0,1.0,0.0,180,180,202,0.1,0.05,1.1,Water,Fighting,2523
62,Abra,"['Synchronize', 'Inner Focus', 'Magic Guard']",2.0,2.0,1.0,1.0,1.0,0.5,1.0,1.0,2.0,1.0,1.0,1.0,1.0,1.0,0.5,1.0,1.0,1.0,20.0,310.0,Psi Pokémon,15.0,1059860.0,0.9,25.0,Caseyケーシィ,63.0,105.0,55.0,90.0,19.5,1.0,0.0,50,110,76,0.4,0.99,42.0,Psychic,None,604
63,Kadabra,"['Synchronize', 'Inner Focus', 'Magic Guard']",2.0,2.0,1.0,1.0,1.0,0.5,1.0,1.0,2.0,1.0,1.0,1.0,1.0,1.0,0.5,1.0,1.0,1.0,35.0,400.0,Psi Pokémon,30.0,1059860.0,1.3,40.0,Yungererユンゲラー,64.0,120.0,70.0,105.0,56.5,1.0,0.0,80,150,112,0.2,0.07,2.7,Psychic,None,1140
64,Alakazam,"['Synchronize', 'Inner Focus', 'Magic Guard']",2.0,2.0,1.0,1.0,1.0,0.5,1.0,1.0,2.0,1.0,1.0,1.0,1.0,1.0,0.5,1.0,1.0,1.0,50.0,600.0,Psi Pokémon,65.0,1059860.0,1.5,55.0,Foodinフーディン,65.0,175.0,105.0,150.0,48.0,1.0,0.0,110,186,152,0.1,0.05,0.73,Psychic,None,1826
65,Machop,"['Guts', 'No Guard', 'Steadfast']",0.5,0.5,1.0,1.0,2.0,1.0,1.0,2.0,1.0,1.0,1.0,1.0,1.0,1.0,2.0,0.5,1.0,1.0,80.0,305.0,Superpower Pokémon,50.0,1059860.0,0.8,70.0,Wanrikyワンリキー,66.0,35.0,35.0,35.0,19.5,1.0,0.0,140,118,96,0.4,0.1,49.0,Fighting,None,1097
66,Machoke,"['Guts', 'No Guard', 'Steadfast']",0.5,0.5,1.0,1.0,2.0,1.0,1.0,2.0,1.0,1.0,1.0,1.0,1.0,1.0,2.0,0.5,1.0,1.0,100.0,405.0,Superpower Pokémon,70.0,1059860.0,1.5,80.0,Gorikyゴーリキー,67.0,50.0,60.0,45.0,70.5,1.0,0.0,160,154,144,0.2,0.07,3.4,Fighting,None,1773
67,Machamp,"['Guts', 'No Guard', 'Steadfast']",0.5,0.5,1.0,1.0,2.0,1.0,1.0,2.0,1.0,1.0,1.0,1.0,1.0,1.0,2.0,0.5,1.0,1.0,130.0,505.0,Superpower Pokémon,80.0,1059860.0,1.6,90.0,Kairikyカイリキー,68.0,65.0,85.0,55.0,130.0,1.0,0.0,180,198,180,0.1,0.05,0.68,Fighting,None,2612
68,Bellsprout,"['Chlorophyll', 'Gluttony']",1.0,1.0,1.0,0.5,0.5,0.5,2.0,2.0,1.0,0.25,1.0,2.0,1.0,1.0,2.0,1.0,1.0,0.5,75.0,300.0,Flower Pokémon,35.0,1059860.0,0.7,50.0,Madatsubomiマダツボミ,69.0,70.0,30.0,40.0,4.0,1.0,0.0,100,158,78,0.4,0.15,115.0,Grass,Poison,1125
69,Weepinbell,"['Chlorophyll', 'Gluttony']",1.0,1.0,1.0,0.5,0.5,0.5,2.0,2.0,1.0,0.25,1.0,2.0,1.0,1.0,2.0,1.0,1.0,0.5,90.0,390.0,Flycatcher Pokémon,50.0,1059860.0,1.0,65.0,Utsudonウツドン,70.0,85.0,45.0,55.0,6.4,1.0,0.0,130,190,110,0.2,0.07,7.2,Grass,Poison,1736
70,Victreebel,"['Chlorophyll', 'Gluttony']",1.0,1.0,1.0,0.5,0.5,0.5,2.0,2.0,1.0,0.25,1.0,2.0,1.0,1.0,2.0,1.0,1.0,0.5,105.0,490.0,Flycatcher Pokémon,65.0,1059860.0,1.7,80.0,Utsubotウツボット,71.0,100.0,70.0,70.0,15.5,1.0,0.0,160,222,152,0.1,0.05,0.59,Grass,Poison,2548
71,Tentacool,"['Clear Body', 'Liquid Ooze', 'Rain Dish']",0.5,1.0,1.0,2.0,0.5,0.5,0.5,1.0,1.0,1.0,2.0,0.5,1.0,0.5,2.0,1.0,0.5,0.5,40.0,335.0,Jellyfish Pokémon,35.0,1250000.0,0.9,40.0,Menokurageメノクラゲ,72.0,50.0,100.0,70.0,45.5,1.0,0.0,80,106,136,0.4,0.15,81.0,Water,Poison,911
72,Tentacruel,"['Clear Body', 'Liquid Ooze', 'Rain Dish']",0.5,1.0,1.0,2.0,0.5,0.5,0.5,1.0,1.0,1.0,2.0,0.5,1.0,0.5,2.0,1.0,0.5,0.5,70.0,515.0,Jellyfish Pokémon,65.0,1250000.0,1.6,80.0,Dokukurageドククラゲ,73.0,80.0,120.0,100.0,55.0,1.0,0.0,160,170,196,0.16,0.07,8.2,Water,Poison,2236
73,Geodude,"['Rock Head', 'Sturdy', 'Sand Veil', 'Magnet Pull', 'Sturdy', 'Galvanize']",1.0,1.0,1.0,0.0,1.0,2.0,0.5,0.5,1.0,4.0,2.0,2.0,0.5,0.25,1.0,0.5,2.0,4.0,80.0,300.0,Rock Pokémon,100.0,1059860.0,,40.0,Isitsubuteイシツブテ,74.0,30.0,30.0,20.0,,1.0,0.0,80,106,118,0.4,0.1,119.0,Rock,Ground,855
74,Graveler,"['Rock Head', 'Sturdy', 'Sand Veil', 'Magnet Pull', 'Sturdy', 'Galvanize']",1.0,1.0,1.0,0.0,1.0,2.0,0.5,0.5,1.0,4.0,2.0,2.0,0.5,0.25,1.0,0.5,2.0,4.0,95.0,390.0,Rock Pokémon,115.0,1059860.0,,55.0,Goloneゴローン,75.0,45.0,45.0,35.0,,1.0,0.0,110,142,156,0.2,0.07,7.1,Rock,Ground,1443
75,Golem,"['Rock Head', 'Sturdy', 'Sand Veil', 'Magnet Pull', 'Sturdy', 'Galvanize']",1.0,1.0,1.0,0.0,1.0,2.0,0.5,0.5,1.0,4.0,2.0,2.0,0.5,0.25,1.0,0.5,2.0,4.0,120.0,495.0,Megaton Pokémon,130.0,1059860.0,,80.0,Golonyaゴローニャ,76.0,55.0,65.0,45.0,,1.0,0.0,160,176,198,0.1,0.05,0.47,Rock,Ground,2319
76,Ponyta,"['Run Away', 'Flash Fire', 'Flame Body']",0.5,1.0,1.0,1.0,0.5,1.0,0.5,1.0,1.0,0.5,2.0,0.5,1.0,1.0,1.0,2.0,0.5,2.0,85.0,410.0,Fire Horse Pokémon,55.0,1000000.0,1.0,50.0,Ponytaポニータ,77.0,65.0,65.0,90.0,30.0,1.0,0.0,100,168,138,0.32,0.1,51.0,Fire,None,1526
77,Rapidash,"['Run Away', 'Flash Fire', 'Flame Body']",0.5,1.0,1.0,1.0,0.5,1.0,0.5,1.0,1.0,0.5,2.0,0.5,1.0,1.0,1.0,2.0,0.5,2.0,100.0,500.0,Fire Horse Pokémon,70.0,1000000.0,1.7,65.0,Gallopギャロップ,78.0,80.0,80.0,105.0,95.0,1.0,0.0,130,200,170,0.12,0.06,1.1,Fire,None,2215
78,Slowpoke,"['Oblivious', 'Own Tempo', 'Regenerator']",2.0,2.0,1.0,2.0,1.0,0.5,0.5,1.0,2.0,2.0,1.0,0.5,1.0,1.0,0.5,1.0,0.5,0.5,65.0,315.0,Dopey Pokémon,65.0,1000000.0,1.2,90.0,Yadonヤドン,79.0,40.0,40.0,15.0,36.0,1.0,0.0,180,110,110,0.4,0.1,105.0,Water,Psychic,1227
79,Slowbro,"['Oblivious', 'Own Tempo', 'Regenerator']",2.0,2.0,1.0,2.0,1.0,0.5,0.5,1.0,2.0,2.0,1.0,0.5,1.0,1.0,0.5,1.0,0.5,0.5,75.0,590.0,Hermit Crab Pokémon,180.0,1000000.0,1.6,95.0,Yadoranヤドラン,80.0,130.0,80.0,30.0,78.5,1.0,0.0,190,184,198,0.16,0.06,3.6,Water,Psychic,2615
80,Magnemite,"['Magnet Pull', 'Sturdy', 'Analytic']",0.5,1.0,0.5,0.5,0.5,2.0,2.0,0.25,1.0,0.5,4.0,0.5,0.5,0.0,0.5,0.5,0.25,1.0,35.0,325.0,Magnet Pokémon,70.0,1000000.0,0.3,25.0,Coilコイル,81.0,95.0,55.0,45.0,6.0,1.0,0.0,50,128,138,0.4,0.1,71.0,Electric,Steel,897
81,Magneton,"['Magnet Pull', 'Sturdy', 'Analytic']",0.5,1.0,0.5,0.5,0.5,2.0,2.0,0.25,1.0,0.5,4.0,0.5,0.5,0.0,0.5,0.5,0.25,1.0,60.0,465.0,Magnet Pokémon,95.0,1000000.0,1.0,50.0,Rarecoilレアコイル,82.0,120.0,70.0,70.0,60.0,1.0,0.0,100,186,180,0.16,0.06,2.3,Electric,Steel,1893
82,Farfetch'd,"['Keen Eye', 'Inner Focus', 'Defiant']",0.5,1.0,1.0,2.0,1.0,1.0,1.0,1.0,0.0,0.5,0.0,2.0,1.0,1.0,1.0,2.0,1.0,1.0,90.0,377.0,Wild Duck Pokémon,55.0,1000000.0,0.8,52.0,Kamonegiカモネギ,83.0,58.0,62.0,60.0,15.0,1.0,0.0,104,138,132,0.24,0.09,2.12,Normal,Flying,1272
83,Doduo,"['Run Away', 'Early Bird', 'Tangled Feet']",0.5,1.0,1.0,2.0,1.0,1.0,1.0,1.0,0.0,0.5,0.0,2.0,1.0,1.0,1.0,2.0,1.0,1.0,85.0,310.0,Twin Bird Pokémon,45.0,1000000.0,1.4,35.0,Dodoドードー,84.0,35.0,35.0,75.0,39.2,1.0,0.0,70,126,96,0.4,0.1,52.0,Normal,Flying,861
84,Dodrio,"['Run Away', 'Early Bird', 'Tangled Feet']",0.5,1.0,1.0,2.0,1.0,1.0,1.0,1.0,0.0,0.5,0.0,2.0,1.0,1.0,1.0,2.0,1.0,1.0,110.0,470.0,Triple Bird Pokémon,70.0,1000000.0,1.8,60.0,Dodorioドードリオ,85.0,60.0,60.0,110.0,85.2,1.0,0.0,120,182,150,0.16,0.06,22.0,Normal,Flying,1849
85,Seel,"['Thick Fat', 'Hydration', 'Ice Body']",1.0,1.0,1.0,2.0,1.0,1.0,0.5,1.0,1.0,2.0,1.0,0.5,1.0,1.0,1.0,1.0,0.5,0.5,45.0,325.0,Sea Lion Pokémon,55.0,1000000.0,1.1,65.0,Pawouパウワウ,86.0,45.0,70.0,45.0,90.0,1.0,0.0,130,104,138,0.4,0.09,28.0,Water,None,1114
86,Dewgong,"['Thick Fat', 'Hydration', 'Ice Body']",1.0,1.0,1.0,2.0,1.0,2.0,1.0,1.0,1.0,2.0,1.0,0.25,1.0,1.0,1.0,2.0,1.0,0.5,70.0,475.0,Sea Lion Pokémon,80.0,1000000.0,1.7,90.0,Jugonジュゴン,87.0,70.0,95.0,70.0,120.0,1.0,0.0,180,156,192,0.16,0.06,1.3,Water,Ice,2161
87,Grimer,"['Stench', 'Sticky Hold', 'Poison Touch', 'Poison Touch', 'Gluttony', 'Power of Alchemy']",0.5,1.0,1.0,1.0,0.5,0.5,1.0,1.0,1.0,0.5,2.0,1.0,1.0,0.5,2.0,1.0,1.0,1.0,80.0,325.0,Sludge Pokémon,50.0,1000000.0,,80.0,Betbeterベトベター,88.0,40.0,50.0,25.0,,1.0,0.0,160,124,110,0.4,0.1,5.2,Poison,None,1293
88,Muk,"['Stench', 'Sticky Hold', 'Poison Touch', 'Poison Touch', 'Gluttony', 'Power of Alchemy']",0.5,1.0,1.0,1.0,0.5,0.5,1.0,1.0,1.0,0.5,2.0,1.0,1.0,0.5,2.0,1.0,1.0,1.0,105.0,500.0,Sludge Pokémon,75.0,1000000.0,,105.0,Betbetonベトベトン,89.0,65.0,100.0,50.0,,1.0,0.0,210,180,188,0.16,0.06,0.31,Poison,None,2621
89,Shellder,"['Shell Armor', 'Skill Link', 'Overcoat']",1.0,1.0,1.0,2.0,1.0,1.0,0.5,1.0,1.0,2.0,1.0,0.5,1.0,1.0,1.0,1.0,0.5,0.5,65.0,305.0,Bivalve Pokémon,100.0,1250000.0,0.3,30.0,Shellderシェルダー,90.0,45.0,25.0,40.0,4.0,1.0,0.0,60,120,112,0.4,0.1,52.0,Water,None,828
90,Cloyster,"['Shell Armor', 'Skill Link', 'Overcoat']",1.0,1.0,1.0,2.0,1.0,2.0,1.0,1.0,1.0,2.0,1.0,0.25,1.0,1.0,1.0,2.0,1.0,0.5,95.0,525.0,Bivalve Pokémon,180.0,1250000.0,1.5,50.0,Parshenパルシェン,91.0,85.0,45.0,70.0,132.5,1.0,0.0,100,196,196,0.16,0.06,1.5,Water,Ice,2067
91,Gastly,['Levitate'],0.25,2.0,1.0,1.0,0.5,0.0,1.0,1.0,2.0,0.5,2.0,1.0,0.0,0.25,2.0,1.0,1.0,1.0,35.0,310.0,Gas Pokémon,30.0,1059860.0,1.3,30.0,Ghosゴース,92.0,100.0,35.0,80.0,0.1,1.0,0.0,60,136,82,0.32,0.1,79.0,Ghost,Poison,810
92,Haunter,['Levitate'],0.25,2.0,1.0,1.0,0.5,0.0,1.0,1.0,2.0,0.5,2.0,1.0,0.0,0.25,2.0,1.0,1.0,1.0,50.0,405.0,Gas Pokémon,45.0,1059860.0,1.6,45.0,Ghostゴースト,93.0,115.0,55.0,95.0,0.1,1.0,0.0,90,172,118,0.16,0.07,5.2,Ghost,Poison,1390
93,Gengar,['Cursed Body'],0.25,2.0,1.0,1.0,0.5,0.0,1.0,1.0,2.0,0.5,2.0,1.0,0.0,0.25,2.0,1.0,1.0,1.0,65.0,600.0,Shadow Pokémon,80.0,1059860.0,1.5,60.0,Gangarゲンガー,94.0,170.0,95.0,130.0,40.5,1.0,0.0,120,204,156,0.08,0.05,0.67,Ghost,Poison,2093
94,Onix,"['Rock Head', 'Sturdy', 'Weak Armor']",1.0,1.0,1.0,0.0,1.0,2.0,0.5,0.5,1.0,4.0,2.0,2.0,0.5,0.25,1.0,0.5,2.0,4.0,45.0,385.0,Rock Snake Pokémon,160.0,1000000.0,8.8,35.0,Iwarkイワーク,95.0,30.0,45.0,70.0,210.0,1.0,0.0,70,90,186,0.16,0.09,10.0,Rock,Ground,863
95,Drowzee,"['Insomnia', 'Forewarn', 'Inner Focus']",2.0,2.0,1.0,1.0,1.0,0.5,1.0,1.0,2.0,1.0,1.0,1.0,1.0,1.0,0.5,1.0,1.0,1.0,48.0,328.0,Hypnosis Pokémon,45.0,1000000.0,1.0,60.0,Sleepeスリープ,96.0,43.0,90.0,42.0,32.4,1.0,0.0,120,104,140,0.4,0.1,321.0,Psychic,None,1082
96,Hypno,"['Insomnia', 'Forewarn', 'Inner Focus']",2.0,2.0,1.0,1.0,1.0,0.5,1.0,1.0,2.0,1.0,1.0,1.0,1.0,1.0,0.5,1.0,1.0,1.0,73.0,483.0,Hypnosis Pokémon,70.0,1000000.0,1.6,85.0,Sleeperスリーパー,97.0,73.0,115.0,67.0,75.6,1.0,0.0,170,162,196,0.16,0.06,10.0,Psychic,None,2199
97,Krabby,"['Hyper Cutter', 'Shell Armor', 'Sheer Force']",1.0,1.0,1.0,2.0,1.0,1.0,0.5,1.0,1.0,2.0,1.0,0.5,1.0,1.0,1.0,1.0,0.5,0.5,105.0,325.0,River Crab Pokémon,90.0,1000000.0,0.4,30.0,Crabクラブ,98.0,25.0,25.0,50.0,6.5,1.0,0.0,60,116,110,0.4,0.15,212.0,Water,None,797
98,Kingler,"['Hyper Cutter', 'Shell Armor', 'Sheer Force']",1.0,1.0,1.0,2.0,1.0,1.0,0.5,1.0,1.0,2.0,1.0,0.5,1.0,1.0,1.0,1.0,0.5,0.5,130.0,475.0,Pincer Pokémon,115.0,1000000.0,1.3,55.0,Kinglerキングラー,99.0,50.0,50.0,75.0,60.0,1.0,0.0,110,178,168,0.16,0.07,6.2,Water,None,1836
99,Voltorb,"['Soundproof', 'Static', 'Aftermath']",1.0,1.0,1.0,0.5,1.0,1.0,1.0,0.5,1.0,1.0,2.0,1.0,1.0,1.0,1.0,1.0,0.5,1.0,30.0,330.0,Ball Pokémon,50.0,1000000.0,0.5,40.0,Biriridamaビリリダマ,100.0,55.0,55.0,100.0,10.4,1.0,0.0,80,102,124,0.4,0.1,65.0,Electric,None,845
100,Electrode,"['Soundproof', 'Static', 'Aftermath']",1.0,1.0,1.0,0.5,1.0,1.0,1.0,0.5,1.0,1.0,2.0,1.0,1.0,1.0,1.0,1.0,0.5,1.0,50.0,490.0,Ball Pokémon,70.0,1000000.0,1.2,60.0,Marumineマルマイン,101.0,80.0,80.0,150.0,66.6,1.0,0.0,120,150,174,0.16,0.06,2.0,Electric,None,1657
101,Exeggcute,"['Chlorophyll', 'Harvest']",4.0,2.0,1.0,0.5,1.0,0.5,2.0,2.0,2.0,0.5,0.5,2.0,1.0,2.0,0.5,1.0,1.0,0.5,40.0,325.0,Egg Pokémon,80.0,1250000.0,0.4,60.0,Tamatamaタマタマ,102.0,60.0,45.0,40.0,2.5,1.0,0.0,120,110,132,0.4,0.1,78.0,Grass,Psychic,1107
102,Exeggutor,"['Chlorophyll', 'Harvest', 'Frisk', 'Harvest']",4.0,2.0,1.0,0.5,1.0,0.5,2.0,2.0,2.0,0.5,0.5,2.0,1.0,2.0,0.5,1.0,1.0,0.5,105.0,530.0,Coconut Pokémon,85.0,1250000.0,,95.0,Nassyナッシー,103.0,125.0,75.0,45.0,,1.0,0.0,190,232,164,0.16,0.06,1.4,Grass,Psychic,2976
103,Cubone,"['Rock Head', 'Lightningrod', 'Battle Armor']",1.0,1.0,1.0,0.0,1.0,1.0,1.0,1.0,1.0,2.0,1.0,2.0,1.0,0.5,1.0,0.5,1.0,2.0,50.0,320.0,Lonely Pokémon,95.0,1000000.0,0.4,50.0,Karakaraカラカラ,104.0,40.0,50.0,35.0,6.5,1.0,0.0,100,102,150,0.32,0.1,61.0,Ground,None,1013
104,Marowak,"['Rock Head', 'Lightningrod', 'Battle Armor', 'Cursed Body', 'Lightningrod', 'Rock Head']",1.0,1.0,1.0,0.0,1.0,1.0,1.0,1.0,1.0,2.0,1.0,2.0,1.0,0.5,1.0,0.5,1.0,2.0,80.0,425.0,Bone Keeper Pokémon,110.0,1000000.0,,60.0,Garagaraガラガラ,105.0,50.0,80.0,45.0,,1.0,0.0,120,140,202,0.12,0.06,2.0,Ground,None,1668
105,Hitmonlee,"['Limber', 'Reckless', 'Unburden']",0.5,0.5,1.0,1.0,2.0,1.0,1.0,2.0,1.0,1.0,1.0,1.0,1.0,1.0,2.0,0.5,1.0,1.0,120.0,455.0,Kicking Pokémon,53.0,1000000.0,1.5,50.0,Sawamularサワムラー,106.0,35.0,110.0,87.0,49.8,1.0,0.0,100,148,172,0.16,0.09,2.0,Fighting,None,1503
106,Hitmonchan,"['Keen Eye', 'Iron Fist', 'Inner Focus']",0.5,0.5,1.0,1.0,2.0,1.0,1.0,2.0,1.0,1.0,1.0,1.0,1.0,1.0,2.0,0.5,1.0,1.0,105.0,455.0,Punching Pokémon,79.0,1000000.0,1.4,50.0,Ebiwalarエビワラー,107.0,35.0,110.0,76.0,50.2,1.0,0.0,100,138,204,0.16,0.09,2.2,Fighting,None,1527
107,Lickitung,"['Own Tempo', 'Oblivious', 'Cloud Nine']",1.0,1.0,1.0,1.0,1.0,2.0,1.0,1.0,0.0,1.0,1.0,1.0,1.0,1.0,1.0,1.0,1.0,1.0,55.0,385.0,Licking Pokémon,75.0,1000000.0,1.2,90.0,Beroringaベロリンガ,108.0,60.0,75.0,30.0,65.5,1.0,0.0,180,126,160,0.16,0.09,1.1,Normal,None,1638
108,Koffing,['Levitate'],0.5,1.0,1.0,1.0,0.5,0.5,1.0,1.0,1.0,0.5,2.0,1.0,1.0,0.5,2.0,1.0,1.0,1.0,65.0,340.0,Poison Gas Pokémon,95.0,1000000.0,0.6,40.0,Dogarsドガース,109.0,60.0,45.0,35.0,1.0,1.0,0.0,80,136,142,0.4,0.1,20.0,Poison,None,1160
109,Weezing,['Levitate'],0.5,1.0,1.0,1.0,0.5,0.5,1.0,1.0,1.0,0.5,2.0,1.0,1.0,0.5,2.0,1.0,1.0,1.0,90.0,490.0,Poison Gas Pokémon,120.0,1000000.0,1.2,65.0,Matadogasマタドガス,110.0,85.0,70.0,60.0,9.5,1.0,0.0,130,190,198,0.16,0.06,1.6,Poison,None,2266
110,Rhyhorn,"['Lightningrod', 'Rock Head', 'Reckless']",1.0,1.0,1.0,0.0,1.0,2.0,0.5,0.5,1.0,4.0,2.0,2.0,0.5,0.25,1.0,0.5,2.0,4.0,85.0,345.0,Spikes Pokémon,95.0,1250000.0,1.0,80.0,Sihornサイホーン,111.0,30.0,30.0,25.0,115.0,1.0,0.0,160,110,116,0.4,0.1,63.0,Ground,Rock,1190
111,Rhydon,"['Lightningrod', 'Rock Head', 'Reckless']",1.0,1.0,1.0,0.0,1.0,2.0,0.5,0.5,1.0,4.0,2.0,2.0,0.5,0.25,1.0,0.5,2.0,4.0,130.0,485.0,Drill Pokémon,120.0,1250000.0,1.9,105.0,Sidonサイドン,112.0,45.0,45.0,40.0,120.0,1.0,0.0,210,166,160,0.16,0.06,2.2,Ground,Rock,2259
112,Chansey,"['Natural Cure', 'Serene Grace', 'Healer']",1.0,1.0,1.0,1.0,1.0,2.0,1.0,1.0,0.0,1.0,1.0,1.0,1.0,1.0,1.0,1.0,1.0,1.0,5.0,450.0,Egg Pokémon,5.0,800000.0,1.1,250.0,Luckyラッキー,113.0,35.0,105.0,50.0,34.6,1.0,0.0,500,40,60,0.16,0.09,1.3,Normal,None,679
113,Tangela,"['Chlorophyll', 'Leaf Guard', 'Regenerator']",2.0,1.0,1.0,0.5,1.0,1.0,2.0,2.0,1.0,0.5,0.5,2.0,1.0,2.0,1.0,1.0,1.0,0.5,55.0,435.0,Vine Pokémon,115.0,1000000.0,1.0,65.0,Monjaraモンジャラ,114.0,100.0,40.0,60.0,35.0,1.0,0.0,130,164,152,0.32,0.09,22.8,Grass,None,1752
114,Kangaskhan,"['Early Bird', 'Scrappy', 'Inner Focus']",1.0,1.0,1.0,1.0,1.0,2.0,1.0,1.0,0.0,1.0,1.0,1.0,1.0,1.0,1.0,1.0,1.0,1.0,125.0,590.0,Parent Pokémon,100.0,1000000.0,2.2,105.0,Garuraガルーラ,115.0,60.0,100.0,100.0,80.0,1.0,0.0,210,142,178,0.16,0.09,0.86,Normal,None,2057
115,Horsea,"['Swift Swim', 'Sniper', 'Damp']",1.0,1.0,1.0,2.0,1.0,1.0,0.5,1.0,1.0,2.0,1.0,0.5,1.0,1.0,1.0,1.0,0.5,0.5,40.0,295.0,Dragon Pokémon,70.0,1000000.0,0.4,30.0,Tattuタッツー,116.0,70.0,25.0,60.0,8.0,1.0,0.0,60,122,100,0.4,0.1,113.0,Water,None,800
116,Seadra,"['Poison Point', 'Sniper', 'Damp']",1.0,1.0,1.0,2.0,1.0,1.0,0.5,1.0,1.0,2.0,1.0,0.5,1.0,1.0,1.0,1.0,0.5,0.5,65.0,440.0,Dragon Pokémon,95.0,1000000.0,1.2,55.0,Seadraシードラ,117.0,95.0,45.0,85.0,25.0,1.0,0.0,110,176,150,0.16,0.06,3.4,Water,None,1725
117,Goldeen,"['Swift Swim', 'Water Veil', 'Lightningrod']",1.0,1.0,1.0,2.0,1.0,1.0,0.5,1.0,1.0,2.0,1.0,0.5,1.0,1.0,1.0,1.0,0.5,0.5,67.0,320.0,Goldfish Pokémon,60.0,1000000.0,0.6,45.0,Tosakintoトサキント,118.0,35.0,50.0,63.0,15.0,1.0,0.0,90,112,126,0.4,0.15,218.0,Water,None,972
118,Seaking,"['Swift Swim', 'Water Veil', 'Lightningrod']",1.0,1.0,1.0,2.0,1.0,1.0,0.5,1.0,1.0,2.0,1.0,0.5,1.0,1.0,1.0,1.0,0.5,0.5,92.0,450.0,Goldfish Pokémon,65.0,1000000.0,1.3,80.0,Azumaoアズマオウ,119.0,65.0,80.0,68.0,39.0,1.0,0.0,160,172,160,0.16,0.07,8.0,Water,None,2058
119,Staryu,"['Illuminate', 'Natural Cure', 'Analytic']",1.0,1.0,1.0,2.0,1.0,1.0,0.5,1.0,1.0,2.0,1.0,0.5,1.0,1.0,1.0,1.0,0.5,0.5,45.0,340.0,Starshape Pokémon,55.0,1250000.0,0.8,30.0,Hitodemanヒトデマン,120.0,70.0,55.0,85.0,34.5,1.0,0.0,60,130,128,0.4,0.15,195.0,Water,None,944
120,Starmie,"['Illuminate', 'Natural Cure', 'Analytic']",2.0,2.0,1.0,2.0,1.0,0.5,0.5,1.0,2.0,2.0,1.0,0.5,1.0,1.0,0.5,1.0,0.5,0.5,75.0,520.0,Mysterious Pokémon,85.0,1250000.0,1.1,60.0,Starmieスターミー,121.0,100.0,85.0,115.0,80.0,1.0,0.0,120,194,192,0.16,0.06,3.4,Water,Psychic,2197
121,Mr. Mime,"['Soundproof', 'Filter', 'Technician']",1.0,1.0,0.0,1.0,1.0,0.25,1.0,1.0,2.0,1.0,1.0,1.0,1.0,2.0,0.5,1.0,2.0,1.0,45.0,460.0,Barrier Pokémon,65.0,1000000.0,1.3,40.0,Barrierdバリヤード,122.0,100.0,120.0,90.0,54.5,1.0,0.0,80,154,196,0.24,0.09,0.31,Psychic,Fairy,1505
122,Scyther,"['Swarm', 'Technician', 'Steadfast']",0.5,1.0,1.0,2.0,1.0,0.25,2.0,2.0,1.0,0.25,0.0,2.0,1.0,1.0,1.0,4.0,1.0,1.0,110.0,500.0,Mantis Pokémon,80.0,1000000.0,1.5,70.0,Strikeストライク,123.0,55.0,80.0,105.0,56.0,1.0,0.0,140,176,180,0.24,0.09,14.0,Bug,Flying,2088
123,Jynx,"['Oblivious', 'Forewarn', 'Dry Skin']",2.0,2.0,1.0,1.0,1.0,1.0,2.0,1.0,2.0,1.0,1.0,0.5,1.0,1.0,0.5,2.0,2.0,1.0,50.0,455.0,Humanshape Pokémon,35.0,1000000.0,1.4,65.0,Rougelaルージュラ,124.0,115.0,95.0,95.0,40.6,1.0,0.0,130,172,134,0.24,0.09,35.0,Ice,Psychic,1728
124,Electabuzz,"['Static', 'Vital Spirit']",1.0,1.0,1.0,0.5,1.0,1.0,1.0,0.5,1.0,1.0,2.0,1.0,1.0,1.0,1.0,1.0,0.5,1.0,83.0,490.0,Electric Pokémon,57.0,1000000.0,1.1,65.0,Elebooエレブー,125.0,95.0,85.0,105.0,30.0,1.0,0.0,130,198,160,0.24,0.09,7.4,Electric,None,2134
125,Magmar,"['Flame Body', 'Vital Spirit']",0.5,1.0,1.0,1.0,0.5,1.0,0.5,1.0,1.0,0.5,2.0,0.5,1.0,1.0,1.0,2.0,0.5,2.0,95.0,495.0,Spitfire Pokémon,57.0,1000000.0,1.3,65.0,Booberブーバー,126.0,100.0,85.0,93.0,44.5,1.0,0.0,130,214,158,0.24,0.09,10.0,Fire,None,2281
126,Pinsir,"['Hyper Cutter', 'Mold Breaker', 'Moxie']",1.0,1.0,1.0,1.0,1.0,0.5,2.0,2.0,1.0,0.5,0.5,1.0,1.0,1.0,1.0,2.0,1.0,1.0,155.0,600.0,Stagbeetle Pokémon,120.0,1250000.0,1.5,65.0,Kailiosカイロス,127.0,65.0,90.0,105.0,55.0,1.0,0.0,130,184,186,0.24,0.09,99.0,Bug,None,2137
127,Tauros,"['Intimidate', 'Anger Point', 'Sheer Force']",1.0,1.0,1.0,1.0,1.0,2.0,1.0,1.0,0.0,1.0,1.0,1.0,1.0,1.0,1.0,1.0,1.0,1.0,100.0,490.0,Wild Bull Pokémon,95.0,1250000.0,1.4,75.0,Kentaurosケンタロス,128.0,40.0,70.0,110.0,88.4,1.0,0.0,150,148,184,0.24,0.09,12.0,Normal,None,1857
128,Magikarp,"['Swift Swim', 'Rattled']",1.0,1.0,1.0,2.0,1.0,1.0,0.5,1.0,1.0,2.0,1.0,0.5,1.0,1.0,1.0,1.0,0.5,0.5,10.0,200.0,Fish Pokémon,55.0,1250000.0,0.9,20.0,Koikingコイキング,129.0,15.0,20.0,80.0,10.0,1.0,0.0,40,42,84,0.56,0.15,478.0,Water,None,264
129,Gyarados,"['Intimidate', 'Moxie']",0.5,1.0,1.0,4.0,1.0,0.5,0.5,1.0,1.0,1.0,0.0,1.0,1.0,1.0,1.0,2.0,0.5,0.5,155.0,640.0,Atrocious Pokémon,109.0,1250000.0,6.5,95.0,Gyaradosギャラドス,130.0,70.0,130.0,81.0,235.0,1.0,0.0,190,192,196,0.08,0.07,0.32,Water,Flying,2708
130,Lapras,"['Water Absorb', 'Shell Armor', 'Hydration']",1.0,1.0,1.0,2.0,1.0,2.0,1.0,1.0,1.0,2.0,1.0,0.25,1.0,1.0,1.0,2.0,1.0,0.5,85.0,535.0,Transport Pokémon,80.0,1250000.0,2.5,130.0,Laplaceラプラス,131.0,85.0,95.0,60.0,220.0,1.0,0.0,260,186,190,0.16,0.09,0.6,Water,Ice,3002
131,Ditto,"['Limber', 'Imposter']",1.0,1.0,1.0,1.0,1.0,2.0,1.0,1.0,0.0,1.0,1.0,1.0,1.0,1.0,1.0,1.0,1.0,1.0,48.0,288.0,Transform Pokémon,48.0,1000000.0,0.3,48.0,Metamonメタモン,132.0,48.0,48.0,48.0,4.0,1.0,0.0,96,110,110,0.16,0.1,0.01,Normal,None,926
132,Eevee,"['Run Away', 'Adaptability', 'Anticipation']",1.0,1.0,1.0,1.0,1.0,2.0,1.0,1.0,0.0,1.0,1.0,1.0,1.0,1.0,1.0,1.0,1.0,1.0,55.0,325.0,Evolution Pokémon,50.0,1000000.0,0.3,55.0,Eievuiイーブイ,133.0,45.0,65.0,55.0,6.5,1.0,0.0,110,114,128,0.32,0.1,275.0,Normal,None,1084
133,Vaporeon,"['Water Absorb', 'Hydration']",1.0,1.0,1.0,2.0,1.0,1.0,0.5,1.0,1.0,2.0,1.0,0.5,1.0,1.0,1.0,1.0,0.5,0.5,65.0,525.0,Bubble Jet Pokémon,60.0,1000000.0,1.0,130.0,Showersシャワーズ,134.0,110.0,95.0,65.0,29.0,1.0,0.0,260,186,168,0.12,0.06,1.4,Water,None,2836
134,Jolteon,"['Volt Absorb', 'Quick Feet']",1.0,1.0,1.0,0.5,1.0,1.0,1.0,0.5,1.0,1.0,2.0,1.0,1.0,1.0,1.0,1.0,0.5,1.0,65.0,525.0,Lightning Pokémon,60.0,1000000.0,0.8,65.0,Thundersサンダース,135.0,110.0,95.0,130.0,24.5,1.0,0.0,130,192,174,0.12,0.06,1.2,Electric,None,2155
135,Flareon,"['Flash Fire', 'Guts']",0.5,1.0,1.0,1.0,0.5,1.0,0.5,1.0,1.0,0.5,2.0,0.5,1.0,1.0,1.0,2.0,0.5,2.0,130.0,525.0,Flame Pokémon,60.0,1000000.0,0.9,65.0,Boosterブースター,136.0,95.0,110.0,65.0,25.0,1.0,0.0,130,238,178,0.12,0.06,1.7,Fire,None,2662
136,Porygon,"['Trace', 'Download', 'Analytic']",1.0,1.0,1.0,1.0,1.0,2.0,1.0,1.0,0.0,1.0,1.0,1.0,1.0,1.0,1.0,1.0,1.0,1.0,60.0,395.0,Virtual Pokémon,70.0,1000000.0,0.8,65.0,Porygonポリゴン,137.0,85.0,75.0,40.0,36.5,1.0,0.0,130,156,158,0.32,0.09,1.2,Normal,None,1703
137,Omanyte,"['Swift Swim', 'Shell Armor', 'Weak Armor']",1.0,1.0,1.0,2.0,1.0,2.0,0.25,0.5,1.0,4.0,2.0,0.5,0.5,0.5,1.0,1.0,1.0,1.0,40.0,355.0,Spiral Pokémon,100.0,1000000.0,0.4,35.0,Omniteオムナイト,138.0,90.0,55.0,35.0,7.5,1.0,0.0,70,132,160,0.32,0.09,14.0,Rock,Water,1127
138,Omastar,"['Swift Swim', 'Shell Armor', 'Weak Armor']",1.0,1.0,1.0,2.0,1.0,2.0,0.25,0.5,1.0,4.0,2.0,0.5,0.5,0.5,1.0,1.0,1.0,1.0,60.0,495.0,Spiral Pokémon,125.0,1000000.0,1.0,70.0,Omstarオムスター,139.0,115.0,70.0,55.0,35.0,1.0,0.0,140,180,202,0.12,0.05,0.61,Rock,Water,2249
139,Kabuto,"['Swift Swim', 'Battle Armor', 'Weak Armor']",1.0,1.0,1.0,2.0,1.0,2.0,0.25,0.5,1.0,4.0,2.0,0.5,0.5,0.5,1.0,1.0,1.0,1.0,80.0,355.0,Shellfish Pokémon,90.0,1000000.0,0.5,30.0,Kabutoカブト,140.0,55.0,45.0,55.0,11.5,1.0,0.0,60,148,142,0.32,0.09,10.0,Rock,Water,1112
140,Kabutops,"['Swift Swim', 'Battle Armor', 'Weak Armor']",1.0,1.0,1.0,2.0,1.0,2.0,0.25,0.5,1.0,4.0,2.0,0.5,0.5,0.5,1.0,1.0,1.0,1.0,115.0,495.0,Shellfish Pokémon,105.0,1000000.0,1.3,60.0,Kabutopsカブトプス,141.0,65.0,70.0,80.0,40.5,1.0,0.0,120,190,190,0.12,0.05,0.32,Rock,Water,2145
141,Aerodactyl,"['Rock Head', 'Pressure', 'Unnerve']",0.5,1.0,1.0,2.0,1.0,1.0,0.5,0.5,1.0,1.0,0.0,2.0,0.5,0.5,1.0,2.0,2.0,2.0,135.0,615.0,Fossil Pokémon,85.0,1250000.0,1.8,80.0,Pteraプテラ,142.0,70.0,95.0,150.0,59.0,1.0,0.0,160,182,162,0.16,0.09,1.8,Rock,Flying,2180
142,Snorlax,"['Immunity', 'Thick Fat', 'Gluttony']",1.0,1.0,1.0,1.0,1.0,2.0,1.0,1.0,0.0,1.0,1.0,1.0,1.0,1.0,1.0,1.0,1.0,1.0,110.0,540.0,Sleeping Pokémon,65.0,1250000.0,2.1,160.0,Kabigonカビゴン,143.0,65.0,110.0,30.0,460.0,1.0,0.0,320,180,180,0.16,0.09,1.6,Normal,None,3135
143,Dratini,"['Shed Skin', 'Marvel Scale']",1.0,1.0,2.0,0.5,2.0,1.0,0.5,1.0,1.0,0.5,1.0,2.0,1.0,1.0,1.0,1.0,1.0,0.5,64.0,300.0,Dragon Pokémon,45.0,1250000.0,1.8,41.0,Miniryuミニリュウ,147.0,50.0,50.0,50.0,3.3,1.0,0.0,82,128,110,0.32,0.09,30.0,Dragon,None,990
144,Dragonair,"['Shed Skin', 'Marvel Scale']",1.0,1.0,2.0,0.5,2.0,1.0,0.5,1.0,1.0,0.5,1.0,2.0,1.0,1.0,1.0,1.0,1.0,0.5,84.0,420.0,Dragon Pokémon,65.0,1250000.0,4.0,61.0,Hakuryuハクリュー,148.0,70.0,70.0,70.0,16.5,1.0,0.0,122,170,152,0.08,0.06,2.0,Dragon,None,1760
145,Dragonite,"['Inner Focus', 'Multiscale']",0.5,1.0,2.0,1.0,2.0,0.5,0.5,1.0,1.0,0.25,0.0,4.0,1.0,1.0,1.0,2.0,1.0,0.5,134.0,600.0,Dragon Pokémon,95.0,1250000.0,2.2,91.0,Kairyuカイリュー,149.0,100.0,100.0,80.0,210.0,1.0,0.0,182,250,212,0.04,0.05,0.11,Dragon,Flying,3525
